{
  "ham": 0.7459434399629115,
  "spam": 1.5164938737040528
}