{
  "model_name": "intfloat/multilingual-e5-base",
  "best_alpha": 1.0,
  "alpha_results": [
    [
      0.0,
      0.954954954954955
    ],
    [
      0.1,
      0.954954954954955
    ],
    [
      0.2,
      0.954954954954955
    ],
    [
      0.30000000000000004,
      0.954954954954955
    ],
    [
      0.4,
      0.954954954954955
    ],
    [
      0.5,
      0.954954954954955
    ],
    [
      0.6000000000000001,
      0.9633426529978254
    ],
    [
      0.7000000000000001,
      0.9624106865486176
    ],
    [
      0.8,
      0.9624106865486176
    ],
    [
      0.9,
      0.9624106865486176
    ],
    [
      1.0,
      0.9670705187946568
    ]
  ],
  "train_samples": 12872,
  "test_samples": 3219,
  "embedding_dim": 768,
  "trained_at": "2025-10-05T11:56:11.492304"
}